identifier,title,inventors,filed_by
US12048357,"Three-dimensional out sole having improved pattern quality and durability, and shoe comprising same"," Ji-Sang Jang,  Busan (KR);  Jae-Jeong Lee,  Busan (KR);  Kyoung Kyu Kim,  Busan (KR);  Kyung-Seok Choi,  Busan (KR);  Chi-Kyun Park,  Busan (KR); and  Yong-Hoon Park,  Gimhae-si (KR)"," ASSEMS INC.,  Busan (KR)"
US12048358,Accessory storage device," Maria Morales,  Harrison, NJ (US); and  Danny N. Concepcion,  Harrison, NJ (US)"," Maria Morales,  Harrison, NJ (US); and  Danny N. Concepcion,  Harrison, NJ (US)"
US12048359,Clasp for a bracelet," Alessandro Camilli,  Le Landeron (CH)"," BULGARI HORLOGERIE SA,  Neuchatel (CH)"
US12048360,"Composite protective case for phones, other portable electronic devices and other apparatus"," Steven Armstrong,  Laguna Niguel, CA (US)"," Urban Armor Gear, LLC,  Laguna Niguel, CA (US)"
US12048361,Case for portable electronic device," Jedd Komlos,  Baltimore, MD (US)"," Under Armour, Inc.,  Baltimore, MD (US)"
US12048362,Plastic bag having internal bag inserts and plastic bag having internal bag inserts and holding straps," Georg Donner,  Morbach (DE); and  Philipp Emanuel Schmitt,  Lieser (DE)"," Mettler Packaging LLC,  Raynham, MA (US)"
US12048363,Anti-theft carrying straps," Donald E. Godshaw,  Wilmette, IL (US);  Jason Michael Kramer,  Greendale, IN (US);  Bryce Ryan Hickman,  Schaumburg, IL (US);  Du Hai,  Uncasville, CT (US);  Malea Reeves,  Chicago, IL (US); and  Jaclyn Scott,  Arlington Heights, IL (US)"," Travel Caddy, Inc.,  Franklin Park, IL (US)"
US12048364,Foldable bag," Chenglan Huang,  Shenzhen (CN)"," Shenzhen Lemore Marketing Consultancy Co.,Ltd,  Shenzhen (CN); and  Jiecong Li,  Shenzhen (CN)"
US12048365,"Packaging device, notably for cosmetic products and/or cosmetic accessories"," Venkatesh Sheregar,  Shanghai (CN)"," L'Oreal,  Paris (FR)"
US12048366,Refill insert," Yoshihiko Kobashi,  Tokyo (JP)"," SHISEIDO COMPANY, LTD.,  Tokyo (JP)"
